<!-- Version: 7.222.5412.30 -->
<FWConfig>
    <Property name="huntsman.subfilters.directory" value="subfilters"/>
    <Property name="huntsman.output.directory" value="out"/>
    <Property name="huntsman.output.timer" value="0"/>
    <Property name="huntsman.recovery.enable" value="0"/>
    <Property name="huntsman.recovery.trycount" value="2"/>
    <Property name="huntsman.recovery.statefile" value="jobstate"/>
    <Property name="huntsman.output.jobtype" value="PS"/>
    <Property name="funnelweb.pdlwriter.dll" value="eSf6pps.dll"/>
    <Property name="huntsman.printticket.filterinfo.disable" value="1"/>
    <Property name="huntsman.discardcontrol.disable" value="0"/>
    <Property name="funnelweb.monodriver.enable" value="0"/>
    <Property name="huntsman.printticket.forcemono" value="0"/>
    <Property name="funnelweb.supportmono.enable" value="1"/>
    <Property name="huntsman.discardcontrol.pagesbeforediscard" value="2"/>
    <Property name="huntsman.discardcontrol.pagespan" value="1"/>
    <Property name="huntsman.markup.partsizelimit" value="1024"/>
    <Property name="huntsman.watermark.drawsolid" value="1"/>
    <Property name="huntsman.subsetfont.afterpagenumber" value="2"/>
    <Property name="huntsman.contextcolor.grayconversionformat" value="0"/>
    <Property name="huntsman.imagepipe.enable" value="0"/>
    <Property name="funnelweb.gdirenderingfilter.enable" value="0"/>
    <Property name="funnelweb.gdiprocessnondestrops.enable" value="1"/>
    <Property name="funnelweb.gdiusejpeg.enable" value="1"/>
    <Property name="funnelweb.gdiusepng.enable" value="0"/>
    <Property name="funnelweb.gdiallowrawimage.enable" value="1"/>
    <Property name="funnelweb.gdisubstitutemix.enable" value="0"/>
    <Property name="funnelweb.gdisubstituterop4.enable" value="0"/>
    <Property name="funnelweb.gdimirrorsurface.enable" value="1"/>
    <Property name="funnelweb.pspassthrough.enable" value="1"/>
    <Property name="funnelweb.pspassthrough.nup" value="0"/>
    <Property name="funnelweb.pspassthrough.booklet" value="0"/>
    <Property name="funnelweb.pspassthrough.hsp" value="0"/>
    <Property name="funnelweb.pspassthrough.interleaveduplicate" value="0"/>
    <Property name="funnelweb.pspassthrough.template" value="0"/>
    <Property name="funnelweb.pspassthrough.printpapersize" value="0"/>
    <Property name="funnelweb.pspassthrough.manualscale" value="0"/>
    <Property name="funnelweb.pspassthrough.posterprint" value="0"/>
    <Property name="funnelweb.pspassthrough.tandemprint" value="0"/>
    <Property name="funnelweb.pspassthrough.rulesbasedprint" value="0"/>
    <Property name="funnelweb.booklet.scaletofit.enable" value="0"/>
    <Property name="funnelweb.bypassIndexedImage.enable" value="1"/>
    <Property name="funnelweb.clipconsolidateepsilon.value" value="0.0000001"/>
    <Property name="funnelweb.backingstoresize.value" value="16384"/>
    <Property name="funnelweb.defaultdpi.value" value="600"/>
    <Property name="funnelweb.commonsettings.folder" value="TOSHIBA\eSTUDIOX\PSCRIPT"/>
    <Property name="funnelweb.pdlsettings.folder" value="TOSHIBA\eSTUDIOX\PSCRIPT\PS3"/>
    <Property name="funnelweb.PostscriptSettingsEnable" value="1"/>
    <Property name="funnelweb.snmp.timeout" value="150"/> <!-- Value in miliseconds -->
    <Property name="funnelweb.snmp.broadcast.address" value="255.255.255.255"/>
    <Property name="funnelweb.snmp.broadcast.port" value="161"/>
    <Property name="funnelweb.snmp.broadcast.timeout" value="30"/> <!-- value in seconds-->
    <Property name="funnelweb.snmp.encrypter.module" value="eSTenc.dll"/>
    <Property name="funnelweb.snmp.hash.module" value="eSThs.dll"/>
    <Property name="funnelweb.driver.tech" value="PSCRIPT"/>
    <Property name="funnelweb.ui.archive.prefix" value="eSf6p"/>
    <Property name="funnelweb.ui.generic.prefix" value="eSf6g"/>
    <Property name="funnelweb.ui.product.prefix" value="eSf"/>
    <Property name="funnelweb.spooler.cachesize" value="8196"/>
    <Property name="funnelweb.supportss.enable" value="0"/>
    <!-- for model settings below: 0 = disabled, 1 = enabled, other = disabled -->
    <Property name="funnelweb.model.universal.enable" value="1"/>
    <Property name="funnelweb.model.eS6550C.enable" value="1"/>
    <Property name="funnelweb.model.eS4540C.enable" value="1"/>
    <Property name="funnelweb.model.eS856.enable" value="1"/>
    <Property name="funnelweb.model.eS456.enable" value="1"/>
    <Property name="funnelweb.model.eS2550C.enable" value="1"/>
    <Property name="funnelweb.model.eS2551C.enable" value="1"/>
    <Property name="funnelweb.model.weisshornh.enable" value="1"/>
    <Property name="funnelweb.model.eS306LP.enable" value="1"/>
    <Property name="funnelweb.model.eS307LP.enable" value="1"/>
    <Property name="funnelweb.model.eS407CS.enable" value="1"/>
    <Property name="funnelweb.model.eS527S.enable" value="1"/>
    <Property name="funnelweb.model.eS6570C.enable" value="1"/>
    <Property name="funnelweb.model.eS857.enable" value="1"/>
    <Property name="funnelweb.model.eS507.enable" value="1"/>
    <Property name="funnelweb.model.eS6530C.enable" value="1"/>
    <Property name="funnelweb.model.eS4520C.enable" value="1"/>
    <Property name="funnelweb.model.eS855.enable" value="1"/>
    <Property name="funnelweb.model.eS455.enable" value="1"/>
    <Property name="funnelweb.model.eS8508A.enable" value="1"/>
    <Property name="funnelweb.model.eS5005AC.enable" value="1"/>
    <Property name="funnelweb.model.eS2500AC.enable" value="1"/>
    <Property name="funnelweb.model.eS7506AC.enable" value="1"/>
    <Property name="funnelweb.model.eS5008A.enable" value="1"/>
    <Property name="funnelweb.model.eS8518A.enable" value="1"/>
    <Property name="funnelweb.model.eS8618A.enable" value="1"/>
    <Property name="funnelweb.model.eS5115AC.enable" value="1"/>
    <Property name="funnelweb.model.eS5015AC.enable" value="1"/>
    <Property name="funnelweb.model.eS2610AC.enable" value="1"/>
    <Property name="funnelweb.model.eS2510AC.enable" value="1"/>
    <Property name="funnelweb.model.eS7616AC.enable" value="1"/>
    <Property name="funnelweb.model.eS7516AC.enable" value="1"/>
    <Property name="funnelweb.model.eS5118A.enable" value="1"/>
    <Property name="funnelweb.model.eS5018A.enable" value="1"/>
    <Property name="funnelweb.model.eS5008LP.enable" value="1"/>
    <Property name="funnelweb.model.eS400AC.enable" value="1"/>
    <Property name="funnelweb.model.eS6525AC.enable" value="1"/>
    <Property name="funnelweb.model.eS2520AC.enable" value="1"/>
    <Property name="funnelweb.model.eS6528A.enable" value="1"/>
    <Property name="funnelweb.model.eS9029A.enable" value="1"/>
    <Property name="funnelweb.model.eS7527AC.enable" value="1"/>
    <Property name="funnelweb.model.eS4525AC.enable" value="1"/>
    <Property name="funnelweb.model.eS3525AC.enable" value="1"/>
    <Property name="funnelweb.model.eS4528A.enable" value="1"/>
    <Property name="funnelweb.model.eS3028A.enable" value="1"/>
    <Property name="funnelweb.plugin.minimum.support.ver" value="7.0.0.0"/>
    <Property name="funnelweb.custompaper.limit" value="40"/>
    <!-- start for ECO printing -->
    <Property name="funnelweb.driver.ECOProposalSupport" value="1" />
    <!-- end for ECO printing -->
    <Property name="funnelweb.enhance.minimumvoid" value="1"/> <!--ExtendPrintArea checkbox 0 = hide, 1 = Display -->
    <Property name="funnelweb.A3LDRotate180.rotation" value="1"/>
    <Property name="funnelweb.driver.JobRetentionSupport" value="0"/>
    <Property name="funnelweb.enhance.perpageduplex" value="0"/> <!--Application DuplexPerPage 0=off, 1=on -->
    <Property name="funnelweb.maxlinesegments.value" value="24576"/>  <!-- write 24k points line path  -->
    <!-- tips.download
         0 = off,
         1 = on,
         2 = on (do not download during PnP install or printer operations).
         3 = on (do not download during PnP client install).
         4 = on (do not download during printer operations).
    -->
    <Property name="funnelweb.tips.download" value="1"/>
    <!-- tips.failed.message : balloon tooltip message for download failed.
         0 = off,
         1 = on
    -->
    <Property name="funnelweb.tips.downloading.message" value="0"/>
    <!-- tips.userdata.support : user data for profiles.
         0 = off,
         1 = on
    -->
    <Property name="funnelweb.defaultuserdata.hide" value="0"/>
    <Property name="funnelweb.tips.userdata.support" value="0"/>
    <Property name="funnelweb.tips.enhuserdata.support" value="0"/>
    <Property name="funnelweb.watermark.stylename.support" value="0"/>
    <Property name="funnelweb.usertypesetting.support" value="0"/>
    <!-- i.e. Property name="funnelweb.logger.level" value="info|warning" -->
    <Property name="funnelweb.logger.level" value=""/>
</FWConfig>
