﻿<?xml version="1.0" encoding="utf-8"?>
<SharedProductData xmlns:xsi="http://www.w3.org/2001/XMLSchema-instance" xmlns:xsd="http://www.w3.org/2001/XMLSchema">
  <ReleaseDescriptorNoSpaces>XeroxPhaser6510_WC6515</ReleaseDescriptorNoSpaces>
  <ReleaseDescriptorWithSpaces>Xerox Phaser 6510/ WorkCentre 6515</ReleaseDescriptorWithSpaces>
  <RecommendedPdl>PS</RecommendedPdl>
  <V4DriverPDL>PS</V4DriverPDL>
  <V4DriverPDL>PCL6</V4DriverPDL>
  <WebLinkModelId>6510_6515</WebLinkModelId>
  <CWISColorLevelsLink>http://{0}/status/statsuppliesx.htm</CWISColorLevelsLink>
  <CWISPaperLevelsLink>http://{0}/status/statgeneralx.htm</CWISPaperLevelsLink>
  <DefaultRegistrationModel>6510</DefaultRegistrationModel>
  <capabilities>
    <ControllerFamily>NEXTWAVE</ControllerFamily>
    <ControllerFamilyVersion>1.0</ControllerFamilyVersion>
    <PowerEngageSupport>Available</PowerEngageSupport>
    <!-- Microsoft's Auto-Config requires firmware update to D2.1 (e.g. SMP-1) or later. -->
    <MicrosoftWsdMonAutoConfig>SupportedPostLaunch</MicrosoftWsdMonAutoConfig>
    <MicrosoftTcpMonAutoConfig>SupportedPostLaunch</MicrosoftTcpMonAutoConfig>
    <XBDSLevel>1.0</XBDSLevel>
    <XCPTLevel>1.0</XCPTLevel>
    <CBRLevel>1.0</CBRLevel>
    <ColorCapability>Color</ColorCapability>
    <MediaTypeTranslation>Office</MediaTypeTranslation>
    <LDAPPhonebook>Available</LDAPPhonebook>
  </capabilities>
  <models>
    <PrinterModel>
      <ModelName>Xerox Phaser 6510</ModelName>
      <Mimic>Xerox_6510_48.png</Mimic>
	  <Mimic256>Xerox_6510_256.png</Mimic256>
      <SysObjectIds>
        <string>1.3.6.1.4.1.253.8.62.1.19.4.40</string>
      </SysObjectIds>
      <USBProductId>3D71</USBProductId>
      <RatedSpeed>30</RatedSpeed>
      <HardwareId>XeroxPhaser_65108BAD</HardwareId>
      <ConditionalModelDesignation>6510</ConditionalModelDesignation>
      <WebLinkModelId>6510</WebLinkModelId>
      <DeviceStageIconName>Xerox_6510_256</DeviceStageIconName>
      <PowerengageBrand>Phaser</PowerengageBrand>
      <PowerengageModel>6510</PowerengageModel>
    </PrinterModel>
    <PrinterModel>
      <ModelName>Xerox WorkCentre 6515</ModelName>
      <Mimic>Xerox_6515_48.png</Mimic>
	  <Mimic256>Xerox_6515_256.png</Mimic256>
      <SysObjectIds>
        <string>1.3.6.1.4.1.253.8.62.1.20.7.28</string>
      </SysObjectIds>
      <USBProductId>42E1</USBProductId>
      <RatedSpeed>30</RatedSpeed>
      <HardwareId>XeroxWorkCentre_6515CFE4</HardwareId>
      <ConditionalModelDesignation>6515</ConditionalModelDesignation>
      <WebLinkModelId>WC6515</WebLinkModelId>
      <DeviceStageIconName>Xerox_6515_256</DeviceStageIconName>
      <PowerengageBrand>WorkCentre</PowerengageBrand>
      <PowerengageModel>6515</PowerengageModel>
    </PrinterModel>
  </models>
</SharedProductData>